insert into users (id,name, lastname, email, password, role,last_password_reset_date) values (-6,'admin', 'admin', 'admin@gmail.com', '$2a$10$En99NVAv.YrTtVxJ1fssBeVO4AFnfl1OMwzFbPeaDdSBm1KLUzp12', 'CLINICALCENTREADMIN','2019-12-01 09:00:01');
insert into users (id,name, lastname, email, password, role,last_password_reset_date) values (-5,'jelena', 'bojanic', 'jelena.bojanic97@gmail.com', '$2a$10$En99NVAv.YrTtVxJ1fssBeVO4AFnfl1OMwzFbPeaDdSBm1KLUzp12', 'PATIENT','2019-12-01 09:00:01');
insert into users (id,name, lastname, email, password, role,last_password_reset_date) values (-4,'mina', 'maras', 'minamaras1997@gmail.com', '$2a$10$En99NVAv.YrTtVxJ1fssBeVO4AFnfl1OMwzFbPeaDdSBm1KLUzp12', 'DOCTOR','2019-12-01 09:00:01');
insert into users (id,name, lastname, email, password, role,last_password_reset_date) values (-3,'tamara', 'jancic', 'tamara@gmail.com', '$2a$10$En99NVAv.YrTtVxJ1fssBeVO4AFnfl1OMwzFbPeaDdSBm1KLUzp12', 'CLINICADMIN','2019-12-01 09:00:01');
insert into users (id,name, lastname, email, password, role,last_password_reset_date) values (-12,'sestra', 'sestr', 'sestra@gmail.com', '$2a$10$En99NVAv.YrTtVxJ1fssBeVO4AFnfl1OMwzFbPeaDdSBm1KLUzp12', 'NURSE','2019-12-01 09:00:01');
insert into users (id,name, lastname, email, password, role,last_password_reset_date) values (-14,'marko', 'markovic', 'marko@gmail.com', '$2a$10$En99NVAv.YrTtVxJ1fssBeVO4AFnfl1OMwzFbPeaDdSBm1KLUzp12', 'PATIENT','2019-12-01 09:00:01');

insert into users (id,name, lastname, email, password, role,last_password_reset_date) values (-9,'biljana', 'petrovic', 'lelabelieve@gmail.com', '$2a$10$En99NVAv.YrTtVxJ1fssBeVO4AFnfl1OMwzFbPeaDdSBm1KLUzp12', 'CLINICADMIN','2019-12-01 09:00:01');
insert into users (id,name, lastname, email, password, role,last_password_reset_date) values (-10,'sandra', 'babic', 'sandra@gmail.com', '$2a$10$En99NVAv.YrTtVxJ1fssBeVO4AFnfl1OMwzFbPeaDdSBm1KLUzp12', 'CLINICADMIN','2019-12-01 09:00:01');
insert into users (id,name, lastname, email, password, role,last_password_reset_date) values (-2,'olivera', 'stojanovic', 'olivera@gmail.com', '$2a$10$En99NVAv.YrTtVxJ1fssBeVO4AFnfl1OMwzFbPeaDdSBm1KLUzp12', 'CLINICADMIN','2019-12-01 09:00:01');

insert into users (id,name, lastname, email, password, role,last_password_reset_date) values (-7,'doktor1', 'doktor1', 'doktor1@gmail.com', '$2a$10$En99NVAv.YrTtVxJ1fssBeVO4AFnfl1OMwzFbPeaDdSBm1KLUzp12', 'DOCTOR','2019-12-01 09:00:01');
insert into users (id,name, lastname, email, password, role,last_password_reset_date) values (-8,'doktor2', 'doktor2', 'doktor2@gmail.com', '$2a$10$En99NVAv.YrTtVxJ1fssBeVO4AFnfl1OMwzFbPeaDdSBm1KLUzp12', 'DOCTOR','2019-12-01 09:00:01');
insert into users (id,name, lastname, email, password, role,last_password_reset_date) values (-11,'doktor3', 'doktor3', 'doktor3@gmail.com', '$2a$10$En99NVAv.YrTtVxJ1fssBeVO4AFnfl1OMwzFbPeaDdSBm1KLUzp12', 'DOCTOR','2019-12-01 09:00:01');

insert into users (id,name, lastname, email, password, role,last_password_reset_date) values (-20,'Nikola', 'Zivkovic', 'doktor20@gmail.com', '$2a$10$En99NVAv.YrTtVxJ1fssBeVO4AFnfl1OMwzFbPeaDdSBm1KLUzp12', 'DOCTOR','2019-12-01 09:00:01');
insert into users (id,name, lastname, email, password, role,last_password_reset_date) values (-21,'Snezana', 'Jankovic', 'doktor21@gmail.com', '$2a$10$En99NVAv.YrTtVxJ1fssBeVO4AFnfl1OMwzFbPeaDdSBm1KLUzp12', 'DOCTOR','2019-12-01 09:00:01');
insert into users (id,name, lastname, email, password, role,last_password_reset_date) values (-22,'Slobodan', 'Petrovic', 'doktor22@gmail.com', '$2a$10$En99NVAv.YrTtVxJ1fssBeVO4AFnfl1OMwzFbPeaDdSBm1KLUzp12', 'DOCTOR','2019-12-01 09:00:01');
insert into users (id,name, lastname, email, password, role,last_password_reset_date) values (-24,'Ivan', 'Bojanic', 'doktor24@gmail.com', '$2a$10$En99NVAv.YrTtVxJ1fssBeVO4AFnfl1OMwzFbPeaDdSBm1KLUzp12', 'DOCTOR','2019-12-01 09:00:01');

insert into users (id,name, lastname, email, password, role,last_password_reset_date) values (-23,'Pera', 'Markovic', 'doktorMarkovic@gmail.com', '$2a$10$En99NVAv.YrTtVxJ1fssBeVO4AFnfl1OMwzFbPeaDdSBm1KLUzp12', 'DOCTOR','2019-12-01 09:00:01');
insert into users (id,name, lastname, email, password, role,last_password_reset_date) values (-25,'Lazar', 'Lazarevic', 'doktor25@gmail.com', '$2a$10$En99NVAv.YrTtVxJ1fssBeVO4AFnfl1OMwzFbPeaDdSBm1KLUzp12', 'DOCTOR','2019-12-01 09:00:01');

INSERT INTO clinic (id, description, name, adress,rating) values (-3, 'Klinika broj 1', 'Klinika Sunce', 'Bulevar Oslobodjenja 22','9');
INSERT INTO clinic (id, description, name, adress,rating) values (-5, 'Klinika broj 2', 'Dentalend', 'Njegoseva 3','6');
INSERT INTO clinic (id, description, name, adress,rating) values (-7, 'Klinika broj 3', 'Klinika Nada Diva', 'Safarikova 11','7');
INSERT INTO clinic (id, description, name, adress,rating) values (-2, 'Klinika broj 4', 'Poliklinika Brankov', 'Bulevar Evrope 8','10');
--insert into doctor (id,specialization,rating) values (-4,'zubar','10');
insert into clinical_centre_admin (id, firstlogin) values (-6, false);


insert into clinic_admin (id,clinic_id, firstlogin) values (-9,-5, false);
insert into clinic_admin (id,clinic_id, firstlogin) values (-10,-7, false);
insert into clinic_admin (id,clinic_id, firstlogin) values (-2,-2, false);

insert into clinic_admin (id,clinic_id, firstlogin) values (-3,-3, false);
insert into exam_type (id,name,price, duration) values (-4,'Stomatoloski pregled',1500, 15);

insert into exam_type (id,name,price, duration) values (-6,'Ginekoloski pregled',1500, 20);
insert into exam_type (id,name,price, duration) values (-5,'Ocni pregled',1800, 10);
insert into exam_type (id,name,price, duration) values (-7,'Dermatoloski pregled',2000, 30);

insert into exam_type (id,name,price, duration) values (-20,'Imunoloski pregled',3000, 40);
insert into exam_type (id,name,price, duration) values (-21,'MRI pregled',40000, 60);
insert into exam_type (id,name,price, duration) values (-22,'Opsti pregled',5000, 30);

insert into op_room (id,name,number, starttime, endtime, exam_type_id,clinic_id) values (-3,'or1',2,'07:00:00','23:00:00', -4,-3);
insert into clinic_roomlist(room_id,clinic_id) values(-3,-3);


insert into exam_type_rooms(exam_type_id, rooms_id) values (-4,-3);

insert into doctor (id,specialization,rating,clinic_id,clinic_admin_id,exam_type_id,starttime,endtime,firstlogin) values
  (-4,'zubar','10',-3,-3,-4,'8:00:00','15:45:00',false);

insert into doctor (id,specialization,rating,clinic_id,clinic_admin_id,exam_type_id,starttime,endtime,firstlogin) values
(-7,'zubar','10',-5,-9,-4,'15:00:00','20:00:00',true);
insert into doctor (id,specialization,rating,clinic_id,clinic_admin_id,exam_type_id,starttime,endtime,firstlogin) values
(-24,'imunolog','10',-5,-9,-20,'8:00:00','20:00:00',true);
insert into doctor (id,specialization,rating,clinic_id,clinic_admin_id,exam_type_id,starttime,endtime,firstlogin) values
(-8,'ocni lekar','9',-7,-10,-5,'12:00:00','18:00:00',false);
insert into doctor (id,specialization,rating,clinic_id,clinic_admin_id,exam_type_id,starttime,endtime,firstlogin) values
(-11,'Dermatolog','7',-2,-2,-7,'8:00:00','16:00:00',true);
insert into doctor (id,specialization,rating,clinic_id,clinic_admin_id,exam_type_id,starttime,endtime,firstlogin) values
(-25,'ocni lekar','10',-7,-10,-5,'08:00:00','20:00:00',false);

insert into doctor (id,specialization,rating,clinic_id,clinic_admin_id,exam_type_id,starttime,endtime,firstlogin) values
(-20,'imunolog','10',-5,-9,-20,'8:00:00','16:00:00',false);
insert into doctor (id,specialization,rating,clinic_id,clinic_admin_id,exam_type_id,starttime,endtime,firstlogin) values
 (-21,'radiolog','10',-7,-10,-21,'12:00:00','20:00:00',true);
insert into doctor (id,specialization,rating,clinic_id,clinic_admin_id,exam_type_id,starttime,endtime,firstlogin) values
 (-22,'doktor opste prakse','10',-2,-2,-22,'15:00:00','20:00:00',true);
 insert into doctor (id,specialization,rating,clinic_id,clinic_admin_id,exam_type_id,starttime,endtime,firstlogin) values
 (-23,'Zubar','10',-3,-3,-4,'8:00:00','17:00:00',true);


--insert into clinical_centre_admin (id) values (-6);
insert into exam_type_doctors (exam_type_id,doctors_id) values (-4,-4);
insert into exam_type_doctors (exam_type_id,doctors_id) values (-4,-23);
insert into exam_type_doctors (exam_type_id,doctors_id) values (-20,-24);

insert into exam_type_doctors (exam_type_id,doctors_id) values (-4,-8);
insert into exam_type_doctors (exam_type_id,doctors_id) values (-7,-11);
insert into exam_type_doctors (exam_type_id,doctors_id) values (-7,-7);

insert into exam_type_doctors (exam_type_id,doctors_id) values (-20,-20);
insert into exam_type_doctors (exam_type_id,doctors_id) values (-21,-21);
insert into exam_type_doctors (exam_type_id,doctors_id) values (-22,-22);
insert into exam_type_doctors (exam_type_id,doctors_id) values (-5,-25);


insert into nurse (id, clinic_id, firstlogin) values (-12, -5, false);

insert into patient (id,active,adress,city,country,phone,socialSecurityNumber) values (-5,'true','Bulevar Oslobodjenja 11','Novi Sad','Srbija','064335512','0301997805089');
insert into patient (id,active,adress,city,country,phone,socialSecurityNumber) values (-14,'true','Fruskogorska 12','Novi Sad','Srbija','062332324','0301997805111');


insert into recipe (id, is_authenthicated, content, doctor_id, nurse_id, patient_id) values (-121, false, 'prvi recept', -4, null, -5);
insert into recipe (id, is_authenthicated, content, doctor_id, nurse_id, patient_id) values (-131, false, 'drugi recept', -4, null, -14);
insert into recipe (id, is_authenthicated, content, doctor_id, nurse_id, patient_id) values (-141, false, 'treci recept', -4, null, -14);

insert into medication (id, name, text) values (-1,'Panadol','za ublazavanje bolova');
insert into medication (id, name, text) values (-2,'Analgin','za ublazavanje bolova');
insert into medication (id, name, text) values (-3,'Kafetin','za ublazavanje bolova');
insert into medication (id, name, text) values (-4,'Andol','za ublazavanje bolova');
insert into medication (id, name, text) values (-5,'Paracetamol','za ublazavanje bolova');
insert into medication (id, name, text) values (-6,'Fervex','za ublazavanje bolova');
insert into medication (id, name, text) values (-7,'Coldrex','za ublazavanje bolova');
insert into medication (id, name, text) values (-8,'Bromazepam','za ublazavanje bolova');
insert into medication (id, name, text) values (-10,'Ksanaks','za smirenje');
insert into medication (id, name, text) values (-11,'Bensedin','za smirenje');
insert into medication (id, name, text) values (-12,'Brufen','za ublazavanje bolova');
insert into medication (id, name, text) values (-13,'Pressing','za alergiju');
insert into medication (id, name, text) values (-14,'Diazepam','za ublazavanje bolova');
insert into medication (id, name, text) values (-15,'Hloramfenikol','mast za oc.');
insert into medication (id, name, text) values (-16,'Ibuprofen','za ublazavanje bolova');
insert into medication (id, name, text) values (-17,'Kodein','za ublazavanje bolova');
insert into medical_record(id, additional, allergies, blood_type,eyes, measures, patient_id) values (-32, 'dodatno', 'paracetamol', '0+', '-2', '170cm/60kg', -14);
insert into medical_record(id, additional, allergies, blood_type,eyes, measures, patient_id) values (-33, null, null, null, null, null, -5);

insert into diagnosis (id,name,text) values (-1,'Tuberkuloza','Bakterijska infekcija.');
insert into diagnosis (id,name,text) values (-2,'Upala pluca',null);
insert into diagnosis (id,name,text) values (-3,'Angina','Bol u grlu');
insert into diagnosis (id,name,text) values (-4,'Hiv','Virus');
insert into diagnosis (id,name,text) values (-5,'Migrena','Jak bol u predelu glave.');
insert into diagnosis (id,name,text) values (-6,'Zubobolja','Preporucuje se poseta stomatologu');
insert into diagnosis (id,name,text) values (-7,'Mononukleoza','Zarazna bolest! Ne izlaziti.');
insert into diagnosis (id,name,text) values (-8,'Prehlada','Lako izleciva, bezopasna.');
insert into diagnosis (id,name,text) values (-11,'Rak','Opasno. Obavezni dalji pregledi.');
insert into diagnosis (id,name,text) values (-9,'Psorijaza','Kozno oboljenje.');
insert into diagnosis (id,name,text) values (-10,'Upala bubrega',null);

insert into report(id,text,appointment_id,diagnosis_id,doctor_id,medical_record_id) values (-2,'Prvi izvestaj sa prvog pregleda', null,-1, -7, -32);
insert into report(id,text,appointment_id,diagnosis_id,doctor_id,medical_record_id) values (-3,'Drugi izvestaj sa drugog pregleda', null,-1, -7, -32);
insert into medical_record_reports(medical_record_id,reports_id) values (-32,-2);
insert into medical_record_reports(medical_record_id,reports_id) values (-32,-3);
insert into recipe_medication (recipe_id, medication_id) values (-121,-1);
insert into recipe_medication (recipe_id, medication_id) values (-121,-2);
insert into recipe_medication (recipe_id, medication_id) values (-121,-8);

insert into clinic_admin_doctors(clinic_admin_id,doctors_id) values(-3,-4);

insert into clinic_admin_doctors(clinic_admin_id,doctors_id) values(-9,-7);
insert into clinic_admin_doctors(clinic_admin_id,doctors_id) values(-10,-8);
insert into clinic_admin_doctors(clinic_admin_id,doctors_id) values(-2,-11);

insert into clinic_admin_doctors(clinic_admin_id,doctors_id) values(-9,-20);
insert into clinic_admin_doctors(clinic_admin_id,doctors_id) values(-10,-21);
insert into clinic_admin_doctors(clinic_admin_id,doctors_id) values(-2,-22);

insert into clinic_patients(clinics_id,patients_id) values (-5, -14);
insert into clinic_patients(clinics_id,patients_id) values (-3, -5);

insert into clinic_doctors (clinic_id,doctors_id) values (-3,-4);
insert into clinic_doctors (clinic_id,doctors_id) values (-7,-25);

insert into clinic_nurses (clinic_id,nurses_id) values (-3,-12);

insert into clinic_doctors (clinic_id,doctors_id) values (-5,-7);
insert into clinic_doctors (clinic_id,doctors_id) values (-7,-8);
insert into clinic_doctors (clinic_id,doctors_id) values (-2,-11);
insert into clinic_doctors (clinic_id,doctors_id) values (-5,-24);


insert into clinic_doctors (clinic_id,doctors_id) values (-5,-20);
insert into clinic_doctors (clinic_id,doctors_id) values (-7,-21);
insert into clinic_doctors (clinic_id,doctors_id) values (-2,-22);
insert into clinic_doctors (clinic_id,doctors_id) values (-3,-23);

insert into calendar(id,doctor_id) values (-1,-4);

insert into appointment_request (id, startdate, starttime,endtime, doctor_id, patient_id, type_id) values (-1, '2020-02-02', '12:30:00', '12:45:00',-4,-5,-4);

insert into appointment (id,endtime,name,startdate,starttime,calendar_id,doctor_id,or_id,patient_id,type_id,status,class) values
(-5,'10:15:00','pregled1','2020-12-20','10:00:00',-1,-4,-3,-14,-4,'SHEDULED','NORMAL');

insert into appointment (id,endtime,name,startdate,starttime,calendar_id,doctor_id,or_id,patient_id,type_id,status,class) values
(-3,'13:00:00','pregled2','2020-01-20' ,'12:30:00',-1,-7,-3,-5,-4,'SHEDULED','NORMAL');

insert into appointment (id,endtime,name,startdate,starttime,calendar_id,doctor_id,or_id,patient_id,type_id,status,class) values
(-7,'10:40:00','pregled3','2020-02-02','10:00:00',-1,-20,-3,-14,-20,'SHEDULED','NORMAL');

insert into appointment (id,endtime,name,startdate,starttime,calendar_id,doctor_id,or_id,patient_id,type_id,status,class) values
(-8,'12:00:00','pregled4','2020-02-02','11:20:00',-1,-20,-3,-5,-20,'SHEDULED','NORMAL');

insert into appointment (id,endtime,name,startdate,starttime,calendar_id,doctor_id,or_id,patient_id,type_id,status,class) values
(-13,'12:40:00','pregled01','2020-02-21','12:00:00',-1,-20,-3,-14,-20,'SHEDULED','NORMAL');



insert into room_app(op_id,appointment_id) values (-3,-5);
insert into room_app(op_id,appointment_id) values (-3, -3);
insert into room_app(op_id,appointment_id) values (-3, -8);

insert into doctor_appointments(doctor_id,appointments_id) values (-4,-5);
insert into doctor_appointments(doctor_id,appointments_id) values (-7,-3);

insert into doctor_appointments(doctor_id,appointments_id) values (-20,-7);
insert into doctor_appointments(doctor_id,appointments_id) values (-20,-8);
insert into doctor_appointments(doctor_id,appointments_id) values (-20,-13);

INSERT INTO authority (id,name) values (1,'PATIENT');
INSERT INTO authority (id,name) values (2,'DOCTOR');
INSERT INTO authority (id,name) values (3,'NURSE');
INSERT INTO authority (id,name) values (4,'CLINICADMIN');
INSERT INTO authority (id,name) values (5,'CLINICALCENTREADMIN');

INSERT INTO user_authority (user_id,authority_id) values (-6,5);
INSERT INTO user_authority (user_id,authority_id) values (-5,1);
INSERT INTO user_authority (user_id,authority_id) values (-4,2);
INSERT INTO user_authority (user_id,authority_id) values (-3,4);
INSERT INTO user_authority (user_id,authority_id) values (-12,3);
INSERT INTO user_authority (user_id,authority_id) values (-20,2);
INSERT INTO user_authority (user_id,authority_id) values (-21,2);
INSERT INTO user_authority (user_id,authority_id) values (-22,2);
INSERT INTO user_authority (user_id,authority_id) values (-23,2);
INSERT INTO user_authority (user_id,authority_id) values (-24,2);
INSERT INTO user_authority (user_id,authority_id) values (-8,2);

insert into holidays(id,startdate,reason,enddate,typeholiday,user_id,holidaystatus)
values (-5,'2020-02-05','dsad','2020-02-15',1,-8,'ACCEPTED');

insert into holidays(id,startdate,reason,enddate,typeholiday,user_id,holidaystatus)
values (-4,'2020-03-01','dsad','2020-03-10',1,-12,'ACCEPTED');

insert into users_holidays(user_id,holidays_id) values(-8,-5);
insert into users_holidays(user_id,holidays_id) values(-12,-4);

insert into appointment(id,name,startdate,startTime,endTime,status,class,
type_id,doctor_id,or_id)
values(-4,'pregledneki','2020-05-01','10:00:00','10:40:00','SHEDULED','PREDEFINED',
-20,-20,-3);

insert into appointment(id,name,startdate,startTime,endTime,status,class,
type_id,doctor_id,or_id)
values(-10,'preglednekiopet','2020-02-15','09:20:00','10:00:00',' SHEDULED','PREDEFINED',
-20,-20,-3);
insert into appointment(id,name,startdate,startTime,endTime,status,class,
type_id,doctor_id,or_id)
values(-11,'preglednekiopet','2020-02-15','10:00:00','10:40:00',' SHEDULED','PREDEFINED',
-20,-20,-3);


insert into appointment(id,name,startdate,startTime,endTime,status,class,
type_id,doctor_id,or_id)
values(-2,'pregledneki2','2020-06-01','12:00:00','12:15:00',' SHEDULED','PREDEFINED',
-4,-4,-3);

insert into doctor_appointments(doctor_id,appointments_id) values (-20,-4);
insert into doctor_appointments(doctor_id,appointments_id) values (-4,-2);
insert into doctor_appointments(doctor_id,appointments_id) values (-20,-10);
insert into doctor_appointments(doctor_id,appointments_id) values (-20,-11);

insert into appointment(id,name,startdate,startTime,endTime,status,class,
type_id,doctor_id,or_id,patient_id)
values(-12,'preglednekistari','2019-01-01','12:00:00','12:15:00',' HAS_HAPPEND','NORMAL',
-4,-4,-3,-5);
insert into doctor_appointments(doctor_id,appointments_id) values (-4,-12);

insert into operation_request (id, startdate, starttime, endtime, name, patient_id) values (-2,'2020-02-22','09:00:00','11:00:00','Operacija slepog creva',-14);
insert into operation_request (id, startdate, starttime, endtime, name, patient_id) values (-3,'2020-02-12','08:00:00','11:00:00','Operacija ociju',-14);
insert into operation_request (id, startdate, starttime, endtime, name, patient_id) values (-4,'2020-03-02','14:00:00','16:00:00','Operacija zuba',-5);

insert into requestoperation_patient (patient_id, request_id) values (-14,-2);
insert into requestoperation_patient (patient_id, request_id) values (-14,-3);
insert into requestoperation_patient (patient_id, request_id) values (-5,-4);